dataset,total_traces,kept_traces,kept_traces_pct,total_spans,kept_spans,kept_spans_rate_pct,error_traces,kept_error_traces,kept_error_traces_pct,early_incident_retention_pct
train-ticket,27364,11639,42.53398625931881,1044580,718078,68.74322694288614,2536,2536,100.0,60.83333333333333
hipster-batch1,121449,72414,59.625027789442484,5474387,3755594,68.60300523145331,61663,61663,100.0,62.87156477846326
hipster-batch2,177945,95190,53.49405715249094,8059526,4898570,60.77987712925052,83120,83120,100.0,65.77154308617234
